id;plage;typecopie;nombrecopie
1;migration;Saudi Arabia;88319
2;virtual zero tolerance;core Ethiopia;87936
3;RSS;Springs Principal;5383
4;Neck input payment;architect Object-based Cross-platform;20878
5;Architect online;cultivate Salad array;74143
6;Forward;magenta Architect Handcrafted;33613
7;Small Granite Car bluetooth;Handmade Auto Loan Account;60934
8;Towels Books;functionalities Reduced Washington;79295
9;invoice panel standardization;Producer Fantastic supply-chains;12774
10;back up;Shirt technologies;15044
